term,index
12,0
adams,1
adventures,2
agency,3
alan,4
aldous,5
alexander,6
america,7
american,8
ann,9
anne,10
art,11
arthur,12
auster,13
ayn,14
barbara,15
bernard,16
big,17
blake,18
blue,19
bond,20
book,21
books,22
bret,23
brian,24
bryson,25
card,26
charles,27
children,28
christopher,29
chronicles,30
cirque,31
city,32
clarke,33
club,34
coelho,35
collins,36
complete,37
cornwell,38
coupland,39
crichton,40
dahl,41
dan,42
daniel,43
dark,44
darren,45
dave,46
david,47
detective,48
dickens,49
die,50
douglas,51
doyle,52
dr,53
dream,54
du,55
dumas,56
earth,57
easton,58
ellis,59
end,60
ender,61
ernest,62
evanovich,63
family,64
fleming,65
follett,66
foster,67
frank,68
freak,69
gabriel,70
galaxy,71
garth,72
gary,73
george,74
grandpr√©,75
great,76
greene,77
grisham,78
guide,79
harry,80
heart,81
hemingway,82
henry,83
history,84
hitchhiker,85
house,86
huxley,87
ian,88
ingalls,89
irving,90
jacques,91
james,92
jane,93
janet,94
john,95
jon,96
jonathan,97
jr,98
kay,99
ken,100
keyes,101
king,102
kinsella,103
kurt,104
la,105
ladies,106
laura,107
leonard,108
life,109
like,110
little,111
long,112
lord,113
lost,114
love,115
make,116
man,117
margaret,118
marian,119
mark,120
mary,121
mccall,122
mccullough,123
mcewan,124
men,125
michael,126
miller,127
neal,128
neil,129
new,130
nicholas,131
nick,132
night,133
novels,134
orson,135
orwell,136
patricia,137
paul,138
paulo,139
pearl,140
people,141
philip,142
plum,143
potter,144
power,145
quentin,146
rand,147
red,148
redwall,149
richard,150
rings,151
roald,152
robbins,153
robert,154
rowling,155
saga,156
scarpetta,157
scott,158
secret,159
sedaris,160
seuss,161
shadow,162
shan,163
shopaholic,164
simmons,165
smith,166
sophie,167
sparks,168
steinbeck,169
stephanie,170
stephen,171
stephenson,172
steve,173
steven,174
stories,175
story,176
tales,177
things,178
thomas,179
time,180
tolkien,181
tom,182
tower,183
true,184
universe,185
volume,186
vonnegut,187
wallace,188
war,189
way,190
wild,191
wilder,192
william,193
williams,194
woman,195
world,196
year,197
